name_en,name_hi,block,capacity
Murlibasantpur,मुरलीबसंतपुर,Kahra,1
Balahapatti,बलहापट्टी,Kahra,1
Diwari,दिवारी,Kahra,1
Parari,परारी,Kahra,1
Chainpur,चैनपुर,Kahra,1
Mohanpur,मोहनपुर,Kahra,1
Amarpur,अमरपुर,Kahra,1
Siradeypatti,सिरदेपट्टी,Kahra,1
Bariyahi,बरियाही,Kahra,1
Chandour East,चंदौर पूर्व,Sour Bazar,1
Ajgewa,अजगेवा,Sour Bazar,1
Chandour West,चंदौर पश्चिम,Sour Bazar,1
Sahuria West,सहुरिया पश्चिम,Sour Bazar,1
Nado,नदो,Sour Bazar,1
Suhath,सुहथ,Sour Bazar,1
Kadhaiya,कढ़ैया,Sour Bazar,1
Rauta Khem,रौता खेम,Sour Bazar,1
Rampur,रामपुर,Sour Bazar,1
Tiri,तिरी,Sour Bazar,1
Gamhariya,गम्हरिया,Sour Bazar,1
Khajuri,खजुरी,Sour Bazar,1
Sahuria East,सहुरिया पूर्व,Sour Bazar,1
Kanp East,कान्प पूर्व,Sour Bazar,1
Kanp West,कान्प पश्चिम,Sour Bazar,1
Lagma,लगमा,Sonbarsa,1
Biratpur,बिरतपुर,Sonbarsa,1
Khajuraha,खजुराहा,Sonbarsa,1
Baraith,बरैठ,Sonbarsa,1
Mangwar,मंगवार,Sonbarsa,1
Sahsoul,सहसौल,Sonbarsa,1
Atalkha,अतलखा,Sonbarsa,1
Bargaon,बरगाँव,Sonbarsa,1
Barsam,बरसाम,Sonbarsa,1
Pararia,परारिया,Sonbarsa,1
Kasnagar,कसनगर,Sonbarsa,1
Raghunathpur,रघुनाथपुर,Sonbarsa,1
Sarouni Madhepura,सरौनी मधेपुरा,Sonbarsa,1
Dehad,देहद,Sonbarsa,1
Mahua Uttarbari,महुआ उत्तरबारी,Sonbarsa,1
Baithmusahari,बैठमुसहरी,Sonbarsa,1
Shahpur,शाहपुर,Sonbarsa,1
Mokma,मोकमा,Sonbarsa,1
Kopa,कोपा,Sonbarsa,1
Okahi,ओकाही,Sattar Kataiya,1
Bisanpur,बिसनपुर,Sattar Kataiya,1
Barahsher,बराहशेर,Sattar Kataiya,1
Panchgachhiya,पंचगछिया,Sattar Kataiya,1
Sihoul,सिहौल,Sattar Kataiya,1
Bara,बारा,Sattar Kataiya,1
Purikh,पुरीख,Sattar Kataiya,1
Rakiya,रकिया,Sattar Kataiya,1
Sattar,सत्तर,Sattar Kataiya,1
Bijalpur,बिजलपुर,Sattar Kataiya,1
Patori,पटोरी,Sattar Kataiya,1
Bihra,बिहरा,Sattar Kataiya,1
Kedli,केदली,Nauhatta,1
Kharkatelwa,खरकटेलवा,Nauhatta,1
Bakuniya,बकुनिया,Nauhatta,1
Darhar,दरहर,Nauhatta,1
Chandrain,चंद्रायन,Nauhatta,1
Muradpur,मुरादपुर,Nauhatta,1
Shahpur,शाहपुर,Nauhatta,1
Mohanpur,मोहनपुर,Nauhatta,1
Kasimpur,कासिमपुर,Nauhatta,1
Hati,हाटी,Nauhatta,1
Naula,नौला,Nauhatta,1
Sattaur,सत्तौर,Nauhatta,1
Mahishi North,महिषी उत्तर,Mahishi,1
Pastwar,पस्तवार,Mahishi,1
Telwa West,तेलवा पश्चिम,Mahishi,1
Telwa East,तेलवा पूर्व,Mahishi,1
Mahisarho,महिसरहो,Mahishi,1
Telhar,तेलहर,Mahishi,1
Manowar,मनोवर,Mahishi,1
Baghwa,बघवा,Mahishi,1
Sirwarbirwar,सिरवारबिरवार,Mahishi,1
Rajanpur,राजनपुर,Mahishi,1
Jhara,झारा,Mahishi,1
Aina,ऐना,Mahishi,1
Arapatti,अरापट्टी,Mahishi,1
Kundah,कुंदह,Mahishi,1
Bhelahi,भेलाही,Mahishi,1
Birgaow,बिरगाँव,Mahishi,1
Mahishi South,महिषी दक्षिण,Mahishi,1
Naharwar,नहरवार,Mahishi,1
Ghonghepur,घोंघेपुर,Mahishi,1
Kisanpur,किसनपुर,Patarghat,1
Patarghat,पतरघट,Patarghat,1
Golma East,गोलमा पूर्व,Patarghat,1
Golma West,गोलमा पश्चिम,Patarghat,1
Dhabouli West,धबौली पश्चिम,Patarghat,1
Dhabouli South,धबौली दक्षिण,Patarghat,1
Pastpar,पस्तपर,Patarghat,1
Pama,पामा,Patarghat,1
Bishanpur,बिशनपुर,Patarghat,1
Jamhara,जमहरा,Patarghat,1
Dhabouli East,धबौली पूर्व,Patarghat,1
Khajuri,खजुरी,Simri Bakhtiyarpur,1
Mohanpur,मोहनपुर,Simri Bakhtiyarpur,1
Baghwa,बघवा,Simri Bakhtiyarpur,1
Kantho,कांथो,Simri Bakhtiyarpur,1
Ghoghsam,घोघसम,Simri Bakhtiyarpur,1
Kathdumar,कठडुमर,Simri Bakhtiyarpur,1
Belwara,बेलवारा,Simri Bakhtiyarpur,1
Dhanupara,धनुपारा,Simri Bakhtiyarpur,1
Paharpur,पहाड़पुर,Simri Bakhtiyarpur,1
Mahamadpur,महमदपुर,Simri Bakhtiyarpur,1
Sarouja,सरौजा,Simri Bakhtiyarpur,1
Sitanabad North,सीतानाबाद उत्तर,Simri Bakhtiyarpur,1
Sitanabad South,सीतानाबाद दक्षिण,Simri Bakhtiyarpur,1
Sonpura,सोनपुरा,Simri Bakhtiyarpur,1
Sardiha,सरदीहा,Simri Bakhtiyarpur,1
Raipura,रायपुरा,Simri Bakhtiyarpur,1
Mahkhar,महखर,Simri Bakhtiyarpur,1
Chakbharo,चकभरो,Simri Bakhtiyarpur,1
Tariyama,तरियामा,Simri Bakhtiyarpur,1
Bhatouni,भटौनी,Simri Bakhtiyarpur,1
Chanan,चनन,Salkhua,1
Kabira,कबीरा,Salkhua,1
Alani,अलानी,Salkhua,1
Gordah,गोरदह,Salkhua,1
Utesara,उतेसरा,Salkhua,1
Harewa,हरेवा,Salkhua,1
Mobarakpur,मुबारकपुर,Salkhua,1
Samharkhurd,समहरखुर्द,Salkhua,1
Situaha,सितुआहा,Salkhua,1
Salkhua,सलखुआ,Salkhua,1
Koparia,कोपरिया,Salkhua,1
Ghordour,घोरदौर,Banma,1
Sarvela,सरवेला,Banma,1
Maharas,महरास,Banma,1
Rasalpur,रसलपुर,Banma,1
Itahari,इटहरी,Banma,1
Jamalnagar,जमालनगर,Banma,1
Sahuria,सहुरिया,Banma,1
